{
    // Use IntelliSense to learn about possible attributes.
    // Hover to view descriptions of existing attributes.
    // For more information, visit: https://go.microsoft.com/fwlink/?linkid=830387
    "version": "0.2.0",
    "configurations": [
        {
            "name": "Attach to Edge",
            "port": 9222,
            "request": "attach",
            "type": "pwa-msedge",
            "webRoot": "${workspaceFolder}"
        },
        {
            "type": "pwa-msedge",
            "request": "launch",
            "name": "Open index.html",
            "file": "c:\\Users\\user\\Documents\\DPW\\1402020007-AndrianRahimMaulana\\view\\index.html"
        }
    ]
}